name,slug,code,region,description,image,displayOrder
Japan,japan,JP,east-asia,"Japan pairs precise, efficient cities with a living tradition of shrines, temples and seasonal ritual. Bullet trains link neon-lit Tokyo with the wooden temples and gardens of Kyoto, and hot-spring inns in the mountains offer a slower, more contemplative way to travel.",/images/dest-japan.jpg,1
Thailand,thailand,TH,southeast-asia,"Thailand moves easily between gilded royal temples, forested northern hills and a southern coast of limestone islands rising from warm green water. Its gracious service, refined cuisine and superb hotels make it one of Asia's most rewarding and relaxed destinations.",/images/world/attractions/grand-palace-wat-phra-kaew.jpg,2
France,france,FR,western-europe,"France moves easily between grand cities, royal palaces and quiet countryside, linked by some of Europe's fastest trains. Paris sets the tone with its museums and boulevards, while Normandy's coast and the sunlit Riviera show how much the landscape and the light change within a single journey.",/images/world/attractions/eiffel-tower.jpg,3
Italy,italy,IT,mediterranean,"Italy layers ancient Rome, Renaissance Florence and the canals of Venice within a few hours of each other by high-speed rail. Between the cities lie cliff-edge coastlines and lakes, and everywhere the pace is set by long lunches, evening walks and a deep pride in regional food.",/images/world/attractions/venice-grand-canal-st-marks.jpg,4
Switzerland,switzerland,CH,alps-central-europe,"Switzerland is a compact country of high peaks, clear lakes and punctual mountain railways that reach remarkable altitudes. Car-free villages, lakeside towns and panoramic trains make it easy to see glaciers and summits in comfort, with a calm, orderly rhythm to every day.",/images/world/attractions/glacier-express.jpg,5
South Africa,south-africa,ZA,central-southern-africa,"South Africa pairs world-class wildlife reserves and the dramatic landscapes of the Cape with renowned coastal vineyards, luxury private lodges, and scenic ocean drives where two oceans meet.",/images/cat-safari.jpg,6
Morocco,morocco,MA,north-africa,"Morocco is an intoxicating world of imperial cities, labyrinthine spice markets, dramatic Atlas mountain passes, and tranquil oasis riads on the edge of the Sahara dunes.",/images/dest-morocco.jpg,7
Egypt,egypt,EG,north-africa,"Egypt offers five millennia of recorded civilization along the life-giving Nile, from the monumental pyramids of Giza and Karnak's columned halls to luxury Nile river cruisers and Red Sea reef sanctuaries.",/images/tour-sahara.jpg,8
Kenya,kenya,KE,central-southern-africa,"Kenya is the cradle of the safari, celebrated for the Great Migration across the Masai Mara, snow-capped Mount Kenya vistas, and conservation conservancies that pioneer luxury wilderness journeys.",/images/cat-safari.jpg,9
Tanzania,tanzania,TZ,central-southern-africa,"Tanzania encompasses the endless plains of the Serengeti, the wildlife caldera of Ngorongoro, the heights of Kilimanjaro, and the spice-scented turquoise waters of Zanzibar.",/images/cat-safari_2.jpg,10
Zimbabwe,zimbabwe,ZW,central-southern-africa,"Zimbabwe is home to the thundering spectacle of Victoria Falls, pristine wilderness parks like Hwange and Mana Pools, and some of the most acclaimed private safari guides in Africa.",/images/cat-safari_2.jpg,11
Tunisia,tunisia,TN,north-africa,"Tunisia bridges Mediterranean elegance with ancient Carthage ruins, golden Roman amphitheaters at El Jem, and whitewashed cliffside coastal villages overlooking cobalt seas.",/images/hero-sahara.jpg,12
Spain,spain,ES,mediterranean,"Spain carries eight centuries of Islamic heritage in the south and a restless modern creativity in its cities. Fast trains connect the Moorish palaces of Andalusia with Madrid's great art museums and Barcelona's Gaudí buildings.",/images/world/attractions/real-alcazar-seville.jpg,13
United Kingdom,united-kingdom,GB,western-europe,"The United Kingdom packs a thousand years of history into a compact island, from royal fortresses and great museums to Georgian spa towns and wild Scottish coastline.",/images/world/attractions/edinburgh-castle-royal-mile.jpg,14
Greece,greece,GR,mediterranean,"Greece joins the monuments of classical Athens with a scattering of islands in a bright Aegean sea. Whitewashed Cycladic architecture, ancient cliffside monasteries, and secluded bays await.",/images/world/attractions/oia-santorini.jpg,15
Turkey,turkey,TR,mediterranean,"Turkey spans two continents, and its layers of Byzantine and Ottoman history sit side by side with a lively modern culture, hot-air ballooning over Cappadocia, and classical Aegean coastlines.",/images/world/countries/turkey.jpg,16
United Arab Emirates,united-arab-emirates,AE,gulf-middle-east,"The Emirates pair futuristic architecture with the older rhythms of desert camps and Arabian hospitality. Distances are short, service is polished, and world-class cultural institutions like Louvre Abu Dhabi inspire.",/images/world/countries/united-arab-emirates.jpg,17
Saudi Arabia,saudi-arabia,SA,gulf-middle-east,"Saudi Arabia has opened its deserts, ancient kingdoms and coral coast to travellers. Expect Nabataean tombs cut into sandstone at Hegra and ultra-luxury resorts along the Red Sea.",/images/world/attractions/hegra.jpg,18
Malaysia,malaysia,MY,southeast-asia,"Malaysia blends diverse cultures, felt clearly in its food, festivals and architecture. Journeys take in glittering skylines, cool tea-covered hills, and quiet tropical islands.",/images/world/attractions/petronas-twin-towers.jpg,19
Indonesia,indonesia,ID,southeast-asia,"Indonesia stretches across thousands of tropical islands, from Bali's spiritual sanctuaries and rice terraces to the volcanic plains of Java and dragon-inhabited waters of Komodo.",/images/world/attractions/batu-caves.jpg,20
Vietnam,vietnam,VN,southeast-asia,"Vietnam runs along the eastern edge of Indochina, with limestone seascapes in Halong Bay, lantern-lit trading towns like Hoi An, and refined culinary heritage.",/images/world/attractions/phang-nga-bay.jpg,21
South Korea,south-korea,KR,east-asia,"South Korea pairs a high-tech capital with ancient palaces and hanok villages. High-speed rail connects royal Joseon heritage with the volcanic coastlines of Jeju.",/images/world/regions/east-asia.jpg,22
China,china,CN,east-asia,"China rewards travellers with breathtaking scale: the Great Wall traversing mountain ridges, imperial Forbidden City palaces, and tranquil limestone karst riverways in Guilin.",/images/world/regions/east-asia.jpg,23
Singapore,singapore,SG,southeast-asia,"Singapore is a lush garden city-state where architectural marvels, Michelin gastronomy, and pristine waterfront boardwalks offer effortless luxury.",/images/world/regions/southeast-asia.jpg,24
Maldives,maldives,MV,indian-ocean,"The Maldives is a private-island archipelago in the Indian Ocean where overwater villas open directly onto vibrant coral lagoons with manta rays and turquoise horizons.",/images/hero-maldives.jpg,25
Sri Lanka,sri-lanka,LK,indian-ocean,"Sri Lanka packs ancient rock fortresses, Buddhist temples, misty Ceylon tea hills and golden southern beaches into an accessible tropical jewel.",/images/world/attractions/cameron-highlands-tea.jpg,26
Austria,austria,AT,alps-central-europe,"Austria pairs imperial Habsburg splendour with Alpine tranquility: classical concert halls in Vienna, baroque Salzburg, and pristine mountain lakes.",/images/world/regions/alps-central-europe.jpg,27
Germany,germany,DE,western-europe,"Germany moves between fairytale castles, Rhine vineyard valleys, and vibrant cultural metropolises with rich musical and historical pedigree.",/images/world/attractions/lucerne-chapel-bridge.jpg,28
Portugal,portugal,PT,mediterranean,"Portugal is sunlit and shaped by the Atlantic, from Lisbon's tiled hills to the terraced Douro vineyards and golden cliffs of the Algarve.",/images/world/attractions/prado-museum.jpg,29
Croatia,croatia,HR,mediterranean,"Croatia runs along an azure Adriatic coastline dotted with more than a thousand islands, ancient Roman palaces in Split, and medieval Dubrovnik walls.",/images/world/attractions/mykonos-little-venice.jpg,30
Georgia,georgia,GE,caucasus-central-asia,"Georgia pairs Greater Caucasus snow peaks with ancient Christian monasteries and the oldest winemaking heritage on Earth.",/images/world/attractions/meteora-monasteries.jpg,31
Uzbekistan,uzbekistan,UZ,caucasus-central-asia,"Uzbekistan holds the legendary Silk Road treasures of Samarkand, Bukhara and Khiva with turquoise domes and grand mosaic madrasas.",/images/world/regions/caucasus-central-asia.jpg,32
