name,country,region,description,coverImage
Tanzania,Tanzania,East Africa,"Short-grass plains that empty and refill with the seasons, and a coastline an hour's flight from the last game drive.",/images/dest-tanzania.jpg
Botswana,Botswana,Southern Africa,"A delta that floods when the rest of the region is dry, reached by light aircraft and moved through by boat.",/images/dest-botswana.jpg
Zambia,Zambia,East Africa,"Where the walking safari was invented, and still the country that does it best.",/images/dest-zambia.jpg
Kenya,Kenya,East Africa,"Private conservancies north of Mount Kenya, where the rules are set by the landowners rather than a park authority.",/images/dest-kenya.jpg
Rwanda,Rwanda,East Africa,"Terraced hills, bamboo forest at three thousand metres, and eight habituated gorilla families.",/images/dest-rwanda.jpg
Namibia,Namibia,Southern Africa,"The oldest desert on earth meeting the coldest current in the Atlantic, with almost nobody in between.",/images/dest-namibia.jpg
Svalbard,Norway,Arctic,"Seventy-eight degrees north. Pack ice, bird cliffs and a sun that does not set for four months.",/images/dest-svalbard.jpg
Ecuador,Ecuador,South America,"An archipelago where the wildlife has never learned to be afraid, and the cold months are the good ones.",/images/dest-ecuador.jpg
Bhutan,Bhutan,Himalaya,"Monasteries opened before the doors, valleys crossed on a road that climbs three passes, and a country that limits its own visitors.",/images/dest-bhutan.jpg
